2025-02-14,gpt-4o,0,False,3,"[1, 2, 3, 4, 5]","[[1], [1], [1, 2, 3, 4], [1, 2, 3, 4, 5]]"
2025-02-14,gpt-4o,1,False,4,"[1, 2, 3, 4, 5]","[[1], [1, 2, 3, 4], [1], [1], [1, 2, 3, 4, 5]]"
2025-02-14,gpt-4o,2,False,5,"[1, 2, 3, 4, 5]","[[1], [1, 2, 3, 4], [1], [1, 2, 3], [1], [1, 2, 3, 4, 5]]"
2025-02-14,gpt-4o,3,False,3,"[1, 2, 3, 4, 5]","[[1], [1, 2, 3], [1], [1, 2, 3, 4, 5]]"
2025-02-14,gpt-4o,4,False,4,"[1, 2, 3, 4, 5]","[[1], [1], [1, 2, 3], [1], [1, 2, 3, 4, 5]]"
2025-02-14,gpt-4o,5,True,3,[1],"[[1], [1, 2, 3, 4], [1, 2, 3], [1]]"
2025-02-14,gpt-4o,6,False,4,"[1, 2, 3, 4, 5]","[[1], [1, 2, 3], [1], [1], [1, 2, 3, 4, 5]]"
2025-02-14,gpt-4o,7,False,4,"[1, 2, 3, 4, 5]","[[1], [1, 2, 3, 4], [1], [1], [1, 2, 3, 4, 5]]"
2025-02-14,gpt-4o,8,False,4,"[1, 2, 3, 4, 5]","[[1], [1, 2, 3, 4], [1], [1], [1, 2, 3, 4, 5]]"
2025-02-14,gpt-4o,9,False,3,"[1, 2, 3, 4, 5]","[[1], [1, 2, 3], [1], [1, 2, 3, 4, 5]]"
2025-02-14,o3-mini,0,False,2,"[1, 2, 3, 4, 5]","[[1], [1], [1, 2, 3, 4, 5]]"
2025-02-14,o3-mini,1,False,4,"[1, 2, 3, 4, 5]","[[1], [1], [1], [1], [1, 2, 3, 4, 5]]"
2025-02-14,o3-mini,2,False,8,"[1, 2, 3, 4, 5]","[[1], [1], [1], [1], [1], [1], [1, 2, 3, 4, 5], [1, 2], [1, 2, 3, 4, 5]]"
2025-02-14,o3-mini,3,False,8,"[1, 2, 3, 4, 5]","[[1], [1], [1, 2, 3, 4], [1], [1], [1, 2], [1], [1, 2, 3], [1, 2, 3, 4, 5]]"
2025-02-14,o3-mini,4,True,16,"[1, 2]","[[1], [1], [1], [1], [1], [1, 2, 3, 4], [1], [1, 2], [1], [1, 2], [1], [1], [1, 2, 3, 4, 5], [1], [1, 2], [1, 2, 3], [1, 2]]"
2025-02-14,o3-mini,5,False,2,"[1, 2, 3, 4, 5]","[[1], [1], [1, 2, 3, 4, 5]]"
2025-02-14,o3-mini,6,False,2,"[1, 2, 3, 4, 5]","[[1], [1], [1, 2, 3, 4, 5]]"
2025-02-14,o3-mini,7,True,8,[1],"[[1], [1], [1], [1], [1, 2, 3, 4, 5], [1], [1, 2, 3, 4, 5], [1, 2, 3, 4], [1]]"
2025-02-14,o3-mini,8,False,2,"[1, 2, 3, 4, 5]","[[1], [1], [1, 2, 3, 4, 5]]"
2025-02-14,o3-mini,9,False,2,"[1, 2, 3, 4, 5]","[[1], [1], [1, 2, 3, 4, 5]]"
2025-02-14,deepseek-ai/DeepSeek-R1-Distill-Llama-70B,0,False,4,"[1, 2, 3, 4, 5]","[[1], [1], [1, 2, 3, 4], [1], [1, 2, 3, 4, 5]]"
2025-02-14,deepseek-ai/DeepSeek-R1-Distill-Llama-70B,1,False,2,"[1, 2, 3, 4, 5]","[[1], [1], [1, 2, 3, 4, 5]]"
2025-02-14,deepseek-ai/DeepSeek-R1-Distill-Llama-70B,2,False,5,"[1, 2, 3, 4, 5]","[[1], [1], [1, 2, 3], [1], [1], [1, 2, 3, 4, 5]]"
